{"cameraMode":{"drawMode":0,"name":"Shaded","section":"Shading Mode"},"sceneLighting":true,"audioPlay":false,"sceneViewState":{"showFog":false,"showMaterialUpdate":false,"showSkybox":false,"showFlares":false,"showImageEffects":false,"showParticleSystems":false},"in2DMode":false,"pivot":{"x":25.47730255126953,"y":-3.524087905883789,"z":46.04588317871094},"rotation":{"x":0.09518808126449585,"y":0.3532350957393646,"z":-0.036155473440885547,"w":0.9299777746200562},"size":85.0296401977539,"orthographic":false}