{"cameraMode":{"drawMode":0,"name":"Shaded","section":"Shading Mode"},"sceneLighting":true,"audioPlay":false,"sceneViewState":{"showFog":false,"showMaterialUpdate":false,"showSkybox":false,"showFlares":false,"showImageEffects":false,"showParticleSystems":false},"in2DMode":false,"pivot":{"x":-40.09761047363281,"y":28.65383529663086,"z":-14.615018844604493},"rotation":{"x":0.12909232079982758,"y":0.5916683077812195,"z":-0.09669766575098038,"w":0.7898826599121094},"size":13.94704532623291,"orthographic":false}